PC1,PC2,PC3,PC4,PC5,PC6,PC7,PC8,track_id,cluster
3.1397417573626885,-1.1102008289559724,-2.2761187025844456,-0.4663728793888209,-0.0509971193155297,-0.218614600317953,-0.1002037651205884,0.1204936657114817,20180941,1
-0.2732437269756123,-0.1571413524675012,0.8766556779391755,2.2405541700383127,0.7543429431634744,-2.0637939909060043,-0.8764090461254446,0.6178276467846644,19970364,1
1.744270658428707,-0.4673269508460621,-4.031123359371587,2.0127604904346614,-0.8964603242635291,0.2654350365838808,0.7352938434007638,-1.0670898834382414,20030762,2
7.909117726841984,-1.1491883577608986,-1.2492991966838691,0.9936683265171404,2.9440100957619406,-0.0067399547205478,-0.4386199398409066,0.7044616207948035,19960665,2
7.05706592799479,0.2177277245219996,0.5337383912366481,1.1967371428758276,1.2200329651305033,-0.384445378812437,0.7072923095407715,-0.0716153397024561,19790205,2
12.950549132014515,1.6788772761080988,0.1182473060933122,-0.148208590334831,2.1553115385964436,0.4881641203128784,1.8672086773405907,1.2253139502008543,19800411,4
2.2354899399261217,-0.0856173127013131,-0.9643981965277364,-2.722117026450565,1.236706509960729,-1.6133219661014375,-1.199049926111829,0.191612585311528,20111034,1
13.044937321259392,-0.7872597006093941,-1.3903623851337916,0.7561932856541912,2.778815818764922,0.9588565204336597,0.0728760675581775,-0.7779505031182999,20140766,2
1.9088925057199828,-1.9894737551130723,-3.187471259465419,0.6288697792142804,0.0894505305317081,-2.3323274106085137,1.6232678803383316,-0.7913193763866918,19840892,0
1.6026637558527026,1.2805276605234497,2.731824367033275,-0.5662393528487318,1.490765868706518,-2.3292651650837635,1.0348216984231189,0.3993557031617679,19840433,1
8.189306281027774,2.993056792438248,-0.8549492645326465,0.8948739884516035,0.4441247490238705,0.1168880977544393,0.1013219711652965,0.7596063859073447,20010527,3
4.253367843244491,0.4383399802034478,-0.8956971502702449,0.553102404025799,0.8453115234131111,2.837751199787573,1.2637964461939732,-0.1120759353025517,20091031,2
-1.0308233065555634,1.677115232449139,0.47745935027937,-0.3993193098869372,-0.341012275294647,-0.7105543893045548,1.474074039816121,0.298910495090783,20050427,1
29.45412287478459,1.9964097364576183,-1.0655660657635102,0.5783683198084612,9.319048345985664,-0.7425544873833059,2.6335372590545707,4.163929161592039,19960625,4
20.35657856887283,0.7517490181489485,1.2828869044340356,-3.400429701753295,0.8082775037984988,0.4944324020007658,3.464533682929024,-0.0189261396794156,20204655,0
5.71520540455573,1.5607890012602113,-3.3250977384953204,-1.1895171401308318,3.2592321595647125,0.2305548717230298,-0.4220205371433995,-0.5103004923350333,19970984,2
11.049354142752858,-1.1149694171852471,-4.294082135119603,2.0427704976300416,2.904468100513205,-1.0741300214492189,0.3574401738116639,-1.37700673988801,19990947,2
3.9950609693856696,3.9107743005764393,1.2992526946920255,-0.3404074105671525,1.6864612891645585,-1.0051669127216218,0.0699836627623892,-1.0624313925946525,20130162,1
11.112219297804463,0.8208610420271029,-2.062935763784237,-0.3801566080789414,2.1706627378429695,-1.2192933632035987,-1.5659325200454666,1.8228111999751755,19981089,4
14.753408568839658,0.8919663905225261,-2.5099283659960085,-2.6179469396389625,-2.1979342875468064,1.2086959249042275,-0.5062568140533392,3.047518029640913,20010567,3
11.295496254099872,2.847543927213475,1.9897432743602983,-1.0657857749285526,2.812830302113149,-0.3116211382040096,1.9218039582611637,0.9807857495442044,19920418,4
1.1888730931517486,-0.116263772145146,0.0986482025246612,-0.7786597081000909,0.1953378009269762,-1.4477357906676571,0.8677300910281017,1.013859164404975,20150880,1
4.585211121327238,-4.008609799160795,-2.4169982945210884,-0.5451602226439968,0.8185395752417802,0.4002621723855565,0.2307038223518001,2.465688258776281,19970797,1
-1.700055133266411,1.083261754531594,0.6890604116914781,-0.7238514969551973,-0.8465719634766605,-0.239503173180537,-0.7445247583885913,0.4531897146399248,20141180,1
3.3643103002887753,0.7369754688707872,0.5789030825308898,-2.503856185605082,-0.9394957238388782,-1.38356063223991,-0.2185394483045052,1.027424382602574,20120206,1
20.52746272035728,6.276738449830434,-0.1640519561783163,0.1359398556265438,2.7711912263237366,4.953201257797115,-0.0149180620194885,0.4861869359120733,19930531,3
9.114378238061136,-0.5183315244585499,-2.1521314453676545,0.0688343722519792,2.879782474687398,-1.1340122403435595,0.4431883193205942,-0.7651209044872358,20070855,4
8.31076499665417,-2.1307886702531533,-1.4646228055541382,-0.0865525889016453,2.423659509703595,-0.2220563922586609,0.2489941117815775,0.4142936764308063,20140066,4
9.347828962162748,2.679473040785915,-5.5464386305282,-1.3439069357557296,1.4767097482876497,0.5797931340779001,0.2869124905497011,1.521178004720568,19920358,3
3.262599580619971,0.9575204143014262,-1.8869850498034464,-2.1129039607545645,0.6443040013256806,-0.953272439203142,-0.1185659558699445,0.420482364109396,20131018,1
7.0205321113401435,1.6510049283667054,-4.4458718104667225,-0.6533326316629419,0.1490161028662347,0.5501792986087684,0.9470528515046428,-0.0363075320947709,20040950,0
4.1594508485494215,-1.3357322451766598,-1.4781155084001585,-1.0904557902456542,0.9654289985439972,-0.7593167054744693,0.4465036174312831,0.0428663425798482,19890925,1
3.188797410953755,-0.2987703777798604,0.1643960432099364,-1.0112807968622195,-0.6045969350464145,0.3180271681379947,-0.9435603795678004,0.3456040978247577,20150049,1
-2.584918709302379,0.438039973386735,-1.4552440049174855,0.7309436568605303,0.9363559262474438,0.2355626051636218,-0.03556186336503,0.0475896486157962,19850438,1
15.963604164649135,-3.021049052434688,-5.385020087232581,-1.0743817052658062,0.2564291391907254,-2.56522738536437,1.0774265552974491,0.6194047338481651,19860853,0
14.063989167984444,1.51358026973856,2.325450612949685,-0.3973321673867232,4.051348245398681,-0.1652570129041595,-0.7670986750820054,-0.5985137279823028,20000160,4
17.162817726156877,5.025639499529443,3.250968491097145,-0.5267631339060033,2.3944411987796235,2.4994133657233184,-0.7138558624569833,1.5062222357913402,20191014,3
6.569566813273526,2.5935104427573106,0.1738445194556632,2.5675447295529095,1.5677479034664514,0.6448941097462964,-0.9681022523682998,-0.1330369842675501,19870214,2
9.9927879222049,0.7823042322689344,-1.4174173892847777,-2.165679637143971,-0.2346729772557654,0.8478759926410656,-1.04138690249425,0.8068767494808843,20150039,1
-4.59867769575177,1.1733834375373635,0.3133038032629796,-0.3430169660336447,-0.4946678368996366,-0.0002522796234018,-0.6730519705392131,-0.2776801193925324,19880215,1
-1.9593269591032625,2.256193125379834,-2.6572553428679457,1.3823491135701114,2.359791184127791,1.4058741401324295,0.054014093507788,-0.3608476702605335,20090588,2
1.6959203437216412,3.9498936891405303,-1.1520052473047544,2.170470182246415,1.1288404201125684,-1.022391176431914,0.2697786545085902,-0.4290545644548785,20091022,2
4.242773593916908,-1.480845424620327,-3.2295892472283163,-1.1488501344555415,1.241644836209398,-2.5723033073369757,0.8841272563579986,-0.3278857645399634,20010995,0
1.30402921771088,2.518252076049063,-2.165666201857089,-1.4516044744852157,-0.7568947422481209,0.6604193288038706,-0.0902282789881636,-0.2724569191111131,19901116,1
14.562785906481563,-1.4691277144269457,-1.509204162190694,-0.7776338529156941,2.4541992564431174,0.599101912478773,-0.57738849956563,2.3063851778655087,20060769,4
2.403950636401318,1.1849184591660185,-0.2107099963676926,1.653507175254858,1.9795087180805615,0.3932256230490679,0.1660311229587969,-0.0220213580140849,19960496,2
7.5316139688029935,4.485952705694317,-1.788112690436673,1.5097741772916438,-0.0512686770449305,2.8619723634735545,-0.7167781331968871,0.257336728811046,19840557,3
10.805615017288796,4.1358303544456945,-0.4587538313272177,-2.753747517516508,-1.3138373759824982,-3.285608177684813,0.6527941772128257,0.2367984350589115,20100026,0
6.123576088571536,2.2006136392254128,-4.130990518224151,0.8818778472050718,0.9192666069847264,3.729989616221329,1.2132852013547606,0.7284385591395296,20070519,3
2.4804112391637805,2.2254066844115954,-5.737959542856292,-0.4526680087436736,-1.1787972809949374,0.1028427616385079,1.0416274018277485,-0.522306884824634,19870253,0
5.007604598279638,-0.765541447169511,1.9610131351621385,-0.7338676685408889,1.34546081706702,0.3482890498796755,-0.9679537082010288,0.5126428894486973,19860154,1
7.25341880714696,0.7253819048768027,1.684446245057311,2.4835901884723857,1.581843414149893,-1.5956210585139676,-0.8543902053758495,1.630629960767107,20060564,4
6.472225960484558,-1.241912756342636,3.611885540018842,0.7007785837348219,0.8358277349959099,1.316752224692223,1.854209442058126,-0.2914326597334848,20050694,4
1.524661326834737,0.0345101247912097,-1.171901480281513,0.109174399474317,-0.1176952038435864,-1.1354079992871764,-0.8545865685026017,2.199187871681916,20140379,1
11.762143756324404,0.3093309786174333,-0.818393708292795,-2.1430903065471996,4.010911661286521,-0.897874307438242,-0.0439793547911056,-0.3359936695795377,20020230,4
9.014772390114208,0.7849645065053854,-1.2831337026453695,-2.006700122735386,0.0123832642262881,0.3228506057989211,-0.666111901126652,0.7482140469697673,19890152,1
7.557793124545821,0.9752228158968156,2.236372635606334,0.6113777988739252,2.2527871775816597,-1.9287090882558324,0.0431215764690733,0.5264675487445698,20150266,4
4.276404801702559,-1.9819941091013185,-0.7856696753218126,-1.1968609827251566,-1.0159151072217127,-1.9467718435963255,1.9601712016589523,1.018200626092299,19890971,0
0.7461173617534236,0.3498198208774582,0.1869032405375456,-3.3479212519838084,-0.2306392135139099,-2.936526522224937,1.7009475992443024,-0.0042953519710993,20030707,0
-1.8893979916344792,-0.6951231154701972,-0.4961835665524567,-0.4818983939984412,0.6006798765797325,-0.948149493966294,-0.2334415578147252,-0.5730672675273715,19900079,1
4.23137694508323,-2.254931025729985,-5.929435850486919,2.3596683271700094,4.444353483775879,-0.1092562573154098,1.784301529051572,0.886798309616389,19970555,2
7.235249841125567,-0.9208252400977812,-0.505918587389748,0.6272652063488834,0.909504222936603,-1.6567627402551754,0.0861329402143801,1.1768772896731072,19860584,1
3.848279100843296,0.4217999767050043,-0.8855955282586179,-2.515154637353545,0.0938035964858751,-0.257946817778884,-0.1583853822615299,0.0418917904373504,20030319,1
10.91657716792701,1.9652997311446612,-3.4211060601955556,-1.855808776126389,0.8612378208161509,-0.9670679735587404,-0.438582031038819,0.4547928387626225,19980424,1
3.0191956348560476,0.1447445408366373,2.223207406649068,-1.0759742955346954,-1.633064065300884,-0.5440180386568678,0.8951130729581274,-0.0049335385084446,19981054,1
5.7621215123481795,-0.1656259821274388,-0.921753461080686,-0.9353215845229153,1.5192533639123238,1.6542939700861783,-0.2050770489686767,0.1194363177774194,20120185,1
13.053456456947412,0.5248006370582768,-1.8639840666837812,0.0133472365595144,2.063931232505087,1.499761669587461,-0.1239087310823856,-0.0521303992706367,20100050,2
9.430357608837598,-1.5615079901100493,-1.3266118329216174,-0.8242633717070912,1.0888403530086466,-0.4448536995647048,0.3890526093063818,0.1614208454421789,19850509,4
4.602372170053049,-1.577865154994469,-5.096377350652325,-1.6376145960417667,2.7478035267696614,-1.4325246987439362,-0.4373185055519132,0.7454444195961053,19870554,1
-0.7375451363006338,1.1083709889772622,-1.3178279698852506,-0.1808381324955471,-0.172609143337045,-1.1551827639129693,0.7096244141281391,-0.1355132091957328,19931147,1
1.0455820525787358,-1.843051676195339,0.3773369735616386,1.2629913982202046,0.912203885095504,0.1565408098626645,-0.6637760215962464,0.7892322245883321,19850479,1
9.371117791680632,-1.2231644275875877,-7.048312148949342,-0.8444330607888495,2.9577648419079874,-2.654722818064665,1.8951647231533488,0.5629555028940766,20000595,0
1.6484109151907909,2.6824494280687956,-3.278469523765954,-1.0117763047344486,-0.072985040266651,0.3192440075763652,-0.7718306721734058,0.8796671809997875,19890770,1
16.168028045587576,3.144181958758733,2.0224908308708947,-3.2194498347796507,0.4684268135050223,1.0008639714299692,0.1475107274790848,1.452575293014443,20050256,3
4.610510226614925,2.255638911354224,-2.9510684065975195,-0.5145522630561659,-1.3402026832947165,-1.0679564916666389,-0.6388094368440599,1.5941711488924242,20140098,1
-5.81089498039217,0.9864192716240192,-0.7743503566900873,-1.0393966776320969,-1.2720554921250349,0.3459233388972079,-1.1416155556431715,1.298113072218682,19801016,1
0.1948528371689128,3.8590150670030616,-1.021269539894078,2.6142072447898625,0.6297588808307514,1.4910498848224334,0.241105533842618,-1.1625162080445028,19800948,2
2.103159115649131,2.0159888401954427,3.3762514270906063,5.063424472293573,-0.2897664120048049,-1.031179669485156,-0.9122749195305918,-0.7934069139362678,19840242,2
-3.51910045110846,2.909500632168289,-2.4969454373913287,0.4882863902646843,-1.1269939708316463,-0.4710351916437757,0.5045295403828344,-0.5811941714158504,19970518,1
-1.1704813797996916,0.9984883804384816,0.2231274341198351,-0.3580482619289061,-0.6459991957333535,-0.9635436741584088,0.4771365413300159,0.5910805445595227,19800703,1
15.412770831093848,3.7484279889774017,-1.8194541035699865,-3.127809082725263,0.8884597644507111,-1.0940666219833104,3.1483225489961053,-0.0574624233379447,19900742,0
8.13397274644733,2.3597869682292125,-11.6702841680264,-0.7425560725763345,-0.171406023716917,0.4228631174050021,-0.8862596903789601,2.3112293764618803,20060913,3
10.56968463539048,1.0043751560184024,0.9888696563219456,1.9752050041597369,-0.0534837011318665,-1.254065805867612,-0.307488869108995,0.5195515403397206,19990928,1
19.617341023251743,3.335833119969151,3.5286168731676733,-1.2531358179255234,3.952766242549868,-0.36048382470785,0.5269966032136648,-0.0323250106020657,20121159,4
9.748036782568196,4.146198247375625,-1.3150075639811911,-2.9482560700629663,-0.9424420058147802,-0.7210610502271799,0.6681349618403496,-0.0832333065963103,19790820,0
6.647363599618423,1.5916458765696626,0.2942239221121515,4.940817009538383,3.921530253305312,0.3368286447804032,-0.6224161101875512,-0.8607363080874769,19870483,2
-2.3837956312903863,1.8327572114932364,-1.4152538996122934,2.013766496967389,-1.4734582546598451,0.0278844537346793,-0.0296036771458752,1.3581735293512998,20000787,1
8.348429270244276,3.811566649072277,-0.6421452931337613,0.433295444780968,1.957053884426204,2.223561758862253,0.463780089607053,0.8981949818397033,20110494,3
-2.339110826789793,0.8813094106537155,-2.051090474689827,2.1940344508922003,2.074211915531211,1.9838241827670693,0.6472434712333255,-0.1817855750825738,20060153,2
3.5292175499988487,0.8620817154788867,-5.589318634521241,0.0979201799565283,0.1278091209607653,-1.155003960408289,1.2388813658446216,0.6337587387759298,19920685,0
0.8139626278004302,0.4282126630660121,-0.6055050642075979,-1.1757193581361631,1.0351731183776136,0.0688357186665633,-0.199007760781238,-0.2841031552724947,19790917,1
10.980515548235337,-0.981889466093907,0.7040424810918271,0.0444980345742753,0.5733642687521806,-1.779417457711643,1.963268608463662,0.1335982149664088,19960782,0
-5.577918411465379,0.9626508059681652,-1.64936488801208,0.4122813068178457,-0.2475966682653968,-0.8773160701019644,-0.6255772781711998,-0.4952482988388482,20150135,1
9.560334905533797,-1.068954117608108,-0.390346441721232,1.2242560568176364,-0.3449125590438424,-0.3197705698109174,1.9256255749311628,0.8217634135707678,20120569,0
8.509960878010805,-0.7213674081717202,-4.020855371688504,1.0398736798799622,2.6829369373826233,1.567471293605786,1.2981585552278203,0.3473010502449411,19850342,2
8.764718527867965,2.0685389992205048,-2.84880942053403,-0.4799387451655026,5.498107309857417,-0.0638424456573293,-0.1738265684717506,-0.4360714187318424,19840975,2
-3.339942997320581,0.542871678845526,-2.497934614352403,0.1025243576067684,0.0804351846365615,-0.3833186961121909,0.8026594078857936,0.4905617925375696,20170858,1
-1.0314654932167555,-0.5390741284619631,-3.001890753097301,0.6482072846309349,-0.0165275564205881,-0.0587924005947209,0.7032742302907334,0.2522245679053926,20160754,1
3.462184092015413,3.169250135719414,-3.1722890148505805,-1.9607165436830811,-0.8959312397479954,2.3729721351169206,0.4447884519781609,1.0810971230341626,19940933,3
5.177997599435766,3.161415217435449,2.051910875237718,-0.7550562834538971,0.0055516879437452,-2.138692507907285,-0.3771046825878603,0.0627996360073669,19880012,1
15.796721864674968,1.4352433051303142,0.4355430178526754,-3.9384763234642346,3.966465518067905,-1.9724459199012816,-0.1817659645946534,1.6883542267874645,19910317,4
4.734760150430688,4.01264679997586,1.0206530946739936,-0.2840647396047072,2.211784767705744,1.140087809084838,1.04011357176753,-0.1197279863023378,20100502,2
-1.7964964930731786,-0.1627652101001436,-2.3635703473127276,-1.6248484486930446,0.2393946773846976,0.7724099471142022,0.3115065648488329,0.3933761545108242,19940067,1
5.22967100998449,2.390932117950232,-3.5641724233740124,-0.7522671287091369,-0.6131318630319629,1.250331282384866,0.5814764788129395,1.1407081252759586,19800657,3
8.05501351326194,-0.1198211786381346,-2.4218231090050732,3.665215167397474,2.911745448563721,-1.4883935677458442,0.1574523586619501,-0.3683877218996725,19860758,2
-1.483872018391577,-0.0793003507022899,-1.3042954410493863,-0.8930225351949279,0.6895345347127216,-0.3578577280500858,-0.5035118771013832,-0.6321343639096249,19800999,1
9.910629680686654,0.7797483712567199,-1.9952112980857728,1.377296254576224,0.9865875481095776,2.25377825630135,-0.2546741532172538,-0.2159203585846346,19860346,2
4.662895103669321,5.584795571532713,-0.2678641408961159,-2.08925199645616,-0.4335399184875774,0.3929963176356275,2.3130882744239205,0.4921757835077925,19840834,3
3.502211121481234,0.0958213011787405,-1.6326452824620667,2.0157784520564013,2.292240478895168,2.971671296627763,-0.2082728319094471,-0.0114774570653369,19950779,2
-0.4218959612004995,2.013343643862664,-1.210446140703807,0.4293080330916418,-0.1587496845712232,0.7456139213861313,0.1309179166988782,-0.600017939241041,19930022,1
5.069626062569957,-0.0952893767711982,-3.617071164187063,-0.8212121113253845,2.3184063288666823,-1.411967347041018,0.8368521868216895,0.065767596677967,20110538,0
-0.1763320872674187,1.2775823785972111,-2.821772154984074,0.5584090175229435,0.674507151372781,0.5625692110938841,0.1099088598332752,-0.5252640815843655,20100510,2
-3.239119799697917,1.5922686307994438,-3.5782437529118507,1.419199944550675,-2.148771802532396,-0.7755520153299807,-0.3191631664154641,1.71168723734025,19910421,1
3.002738288407856,2.4478776550443015,-1.4190544496800663,-0.6364564781551936,-0.1874781452987763,1.3674498426094293,-0.7817371791633773,1.631610437498998,20130191,3
7.61886234737868,1.4133792865237624,-2.394352040377516,2.491025446612692,1.0812279236436002,2.1272782069584104,0.468093873860469,-0.8723142899748393,20020429,2
3.216019954998071,0.92725867768435,0.3074569790634504,-2.7196390244945294,-0.4920662934412478,0.3729227362859428,0.5793307494843866,1.832886981086114,20020877,1
3.6043861456715978,0.74993405592669,-1.2207436675698573,-1.146819028832046,1.6082327789637345,-1.5159695670756903,0.0213577913788165,-0.5897466178450786,20171007,1
9.540894182775746,2.992712874842833,0.6829790803253434,-1.8245745187028417,2.0927918888713313,-1.1364667961238066,1.1983250231131646,-0.5315161515409192,20091085,4
12.324651642942468,0.7668660554057861,-4.818764509269522,-0.2696405501774272,0.1846352482837941,0.4793505075753285,-0.2660295215597046,0.3761933118167077,19820983,2
15.013685594925724,-1.0696374581532793,1.6626761683682252,-0.8673534064555747,4.265528298243524,-1.6072279830094844,0.5604501253872987,-0.9786557678277638,19960347,4
7.941705054203666,-0.594546078482511,-2.2118050722217157,-1.0408489408380597,0.8302741379709886,0.3459891900000391,0.3287769159223396,-0.4421401282250591,20050942,1
4.8466342492651195,-0.1515719907886938,-3.436967655515488,-1.825695693041416,1.3042576302974216,0.5135151884463509,0.6743802966651927,-0.0047656495687923,20130253,1
5.559216483247165,1.1273015789157248,-2.172807415939921,-0.750635379834747,-0.7827157020100868,0.6537100554518359,0.2662205741161853,1.7538968860348736,20100560,3
0.1475391829333528,-0.6012005676766584,-0.1737987483916104,-0.8306958981147244,0.3920167012741951,0.5582574111508353,-0.8506826342094279,1.5170904142179134,19971059,1
6.406605239762164,4.080819834025237,-2.99770043891304,0.4399381488145514,-1.4370283319844073,0.090015565266496,-0.3947138082098274,3.665313097645384,20050721,3
7.03994814854285,2.313674837150539,0.9765437581378462,0.3517609275099682,1.3153106394814602,1.418745006309938,-0.3148656183382301,-0.5057466797096581,19940726,2
-1.1307301963381122,0.1243131414287497,-0.4707971845370781,-1.3819564329387113,0.3626165331151497,0.2512365656266724,-0.3597010927325378,-0.1770989418301705,19951174,1
12.771667944469156,-1.740083582747783,-1.7908188350932883,-2.9166451612384856,-0.685656375727287,-2.12387106372619,2.398470601212723,-0.8312122609224898,20020328,0
4.534654894520962,1.67411827253664,-4.283068668187901,0.2986423105189577,1.7584653941825763,0.5045122121934048,0.3084877351975679,0.8640708521535898,19810179,2
3.9624474547935953,-0.8073557406753915,-0.929646956481878,0.409872334388056,2.500242771089918,0.804567210124537,-0.3906800051770883,-1.063304146697975,20140086,2
-7.647557838119019,4.834410765580805,-4.129724091210676,1.3218279296631017,-1.3148502854150046,1.7857812008903184,1.7974434873523757,4.822568823373937,19970140,3
2.0186829078361685,1.94410444494971,2.171359426279877,0.0926543373188913,-0.1960224451604506,-0.1988771315760926,0.6905909029841346,1.1158457462757927,19951016,1
2.8376551958189684,-1.109645378813389,-0.7502792512754015,0.1509922213944642,0.7538056409919199,0.5912465737584541,1.3031430771887245,0.8434175806261611,19870428,1
18.238085580800636,2.1876054750890885,4.62413745675424,-1.69551477066574,4.870627339817681,-0.1031039796925001,-0.1328181379821314,-0.9780301960732388,20060491,4
5.918436645699951,1.7587267050060758,-5.250877441262949,1.8509540989523936,4.5487435892233155,3.465878963092087,1.0999529459241864,0.3959635608693588,20010634,2
-2.941985318919608,-0.2291923340832575,-1.9138059498757416,1.492701899392674,-1.0127758397258997,-2.4621423220922782,-1.0480384476458344,3.8191175379916342,20040516,1
-0.7746303181736027,0.1799027885068103,-9.044657489876837,2.617387589152524,2.153000480921841,-0.4557926246922191,3.535582263816075,-1.0455393657713392,20120582,0
4.256596235426519,-1.2358232712240584,-0.1704402460921564,0.229993608966315,1.3177229622069508,-0.7585671216547819,-0.6513267121071369,-0.0118544220671294,19900661,1
6.444866746848412,4.471665893700244,-2.3118930899637373,-2.87060995860185,-6.409653640604294,1.3654009893283603,0.8652102751750378,3.4716605947465737,20000245,3
8.69600241525397,0.99866445019088,-0.3685208680013662,1.195429797908308,1.4085737419234217,2.743770209622081,-0.911050542554174,0.5645106465957428,19830458,2
4.952731844349548,0.2703397690737285,-2.9454423880870335,-0.5084202298477187,2.5383421123102794,0.867646277243342,-0.4791328312194071,0.6717324589033774,20110899,2
-1.9784193638801713,0.918221043511962,0.2940229137913029,0.0370934938591609,0.2206651986170675,-1.2005593972644415,-2.1878224960444523,0.5368346516023806,20070322,1
-0.2936053722983444,-1.0922712284193927,-2.439727273209008,-1.5561560642361778,-0.8300774203567594,-0.9685460905273852,-0.6772730710752617,1.5532952583171515,19900278,1
4.855895748916258,-1.919745334350644,4.386006551248604,3.152788918186809,3.7243502921756986,-1.3104043589692125,1.8570432672723387,2.364490463799354,19900479,4
5.808418381334094,0.0946560887117887,-0.5954288850276983,-0.4416939449297192,0.6940240767684394,-2.0304213301867247,1.537178269417774,-0.0947531736234833,20140692,0
5.278793022185397,1.933299380959956,-5.408872744851967,-1.321816825360125,-3.8783195760884017,0.6888499964949678,1.486089678273635,1.5003193622216957,20130540,3
3.3152242774740865,0.725220115698507,-6.3490851765062635,0.0001479795299235,-1.9600758797813096,-1.2558346690565452,1.9716460321757383,-0.2170664347935961,19920424,0
-3.2352178754182495,1.3197765226607752,0.9547565136962944,-0.1334412570917554,-2.713765446914005,-1.1291946261135115,0.4798295856313644,2.473192243309224,20151148,1
2.1510239367211073,-1.6933517914140794,-0.2882053663066211,1.3030574382187508,2.3635562586870797,-0.0933342926644213,0.8127056173245789,1.3227582656115453,20080618,2
8.421740998444918,-0.4840766944849264,-2.815097171420077,-0.0910569880311384,-0.5102052317480499,-0.8356778794491533,0.0245521695729601,0.1831294639276363,19910886,1
14.96950964284376,-1.5316715390219708,-6.293237565052264,2.451490613781372,2.8711785099622698,0.1298605633185499,-0.0922681368326853,1.6805136854749212,20150699,2
13.769331201884285,-0.410412326590205,5.448410169894415,0.0998250099141688,3.4042337117998787,-1.5673022518132822,-0.641137278885387,-0.6393194178068654,20060582,4
8.876184598022046,-0.2210295330896559,-0.1373094717909644,-3.582566196276238,2.8209589000168176,-2.511814672643646,0.667295596911654,-0.2683321362617627,19840098,4
5.000758102426116,3.463238825744544,1.9026812089402256,-2.0730101392359392,0.5898930039306435,0.8288869770204214,0.692292164456108,-0.2291452536799211,20090012,1
16.84505837633764,1.5010241513418503,-2.1722415468253007,-2.932318459873138,0.3088068411252898,1.9891373698222203,2.2456916734974026,-0.1154768844029098,19880964,0
17.763230678992336,-4.1728657820315815,-6.950363197080883,0.221050408085919,1.1108208268474242,-0.1788628800197638,3.20085292666688,-0.6373681873749875,20150827,0
5.47376736278165,-1.1179779736379676,-1.2864026825525898,-1.6127132318036377,0.5811057905130638,1.993634185802608,-0.8105682779819063,0.6206278350037993,19911042,1
5.110997305481474,-1.761363013016317,-4.64185321361481,0.6010532087436333,0.2363627193406133,-1.2755282504018923,0.7847018315228071,0.1520008985413352,19830822,0
13.993484572691392,0.2757835284017189,4.411263065220599,-3.529137636448061,3.956561355743558,-0.4956900323127209,-0.0818454133848517,-0.3652750445822116,20160977,4
11.888656340128223,1.0552176383484035,1.691730589515111,1.5527157103706366,0.924402345429645,0.3169191802923742,-1.2443711052689923,0.6946156363518059,20010161,4
0.954795466433782,-1.4683092140372016,-2.52232139603721,-0.135535162581249,-1.5727181142484497,-1.6709703408420071,2.4402018733794515,-0.5078440740058066,19840674,0
11.478732276804706,-0.5786128329734525,0.3969351358419001,-0.2760825663048438,2.0988407756807863,1.7156269097819956,0.470159167047918,-0.4458248960816585,19911132,4
2.2783712770367965,0.1683039911739733,-0.8152943355850897,-1.5891258110954043,0.3177545693767468,0.9825143215394128,-0.2451366816819429,-0.3818303204717893,20180159,1
17.101681970121845,0.0538267931217398,3.4289979032662403,-1.525418527805875,2.7590253435867296,-1.1571671822997882,0.8019649619695964,0.4987502137566021,19790644,4
13.49867334610559,0.7052285029415312,0.9510162281540526,3.024266153981231,2.5617133775884553,0.1344417965540157,1.6968080570607955,-0.6518456869241634,20180628,2
6.879542529704788,0.1431461528079662,0.5406374243550846,-2.251045711451156,3.226307808183892,0.3187107923602355,0.0218133762982941,-0.9544743822747664,19790135,4
-5.09610089948496,-0.5403466920261789,-0.062823560477936,-1.1175286471598902,-1.1194446706073882,-0.6027456360776825,-0.0425738571193502,-0.2360723729476048,19821113,1
11.150468322436602,-0.8435022806672533,-1.0263751258579883,-0.2093866197562096,0.353321445596275,-0.4890910416098918,-1.2565927200726354,1.4101793588045706,19800810,1
-2.3904841999810618,0.9731436285815774,-4.061105263875073,0.9758612508784816,-0.616428915083882,0.6507640405639449,1.0243314797672196,0.6106663701634041,19920543,1
-0.2614893900842885,1.4604268738147514,-0.1723134027453042,-1.5215639905351814,0.3856884657240949,0.2841127549893014,0.4300358468300628,-0.0612074745553589,19900940,1
8.675041784895615,1.6479271009402283,-3.285910165714974,-0.9047916161552504,0.5283413800906728,0.5154047034285243,-0.3100561409258843,-0.4036307797216656,20030838,1
11.566610420620425,-2.80484918982094,-3.661197793787176,0.7820412667526397,4.409078214973693,1.7671680308579534,1.4789300381528103,0.8361154381077742,19930045,2
9.75852667378834,-0.8057573240630578,-7.615037689657689,-0.1296045702575474,1.6015194194462985,-1.2255627824154751,2.2268852711939964,-0.6609084779525681,19870495,0
1.6687042053221082,2.987148693824071,-1.7888168403863662,4.118674646931478,0.9581690134541362,-1.7025641414468404,-1.369189962915326,-0.186347058038147,19910454,2
8.0358016232032,1.3558176477691417,-1.6593104413080204,0.7045065731624042,-0.1165479357952387,0.8151714899802833,-0.4966606892896933,0.0571092792889407,20041006,2
11.80733770021105,-0.7519958676491724,4.114670268071573,-2.21598919173964,-0.7040216707631585,0.2598768611711192,1.8538572496180536,0.2353756304725787,20060875,4
-0.041492340207857,-1.5622818793177813,-2.607726825427375,-0.2466133147644702,-0.2387502749875117,0.1827558674621571,0.086320321141511,0.0623202709213231,19940776,1
2.118456678019603,1.1198558398790135,-1.7382227545725453,0.0742161871872287,0.4258327840359917,1.939285128396256,-0.2216766246459883,-0.7643039705762552,20040307,2
5.035424535033536,-0.0998896295440503,0.2551841681502377,-0.8035587906612222,4.3020753670927165,-0.8045616251598978,-1.424050537043827,-0.0699820634916621,20020773,4
-10.333028504219572,3.9054375852819287,-2.576430543230066,2.4660178122894054,-2.5962024415436793,0.9028827667386776,3.821525034173994,2.126315052909105,20204474,3
-5.8039449657603726,1.1978398423324892,-2.2830670851252597,0.9084396929431348,-0.6214841809847773,-1.3658215817443429,-0.5813575072609589,1.1516640640658342,20120134,1
1.918722634610777,-0.2977248279300578,-4.514801981587848,1.4451015415691566,1.2700485815417917,-0.2272105578880214,0.1639608625623926,-0.034651014882779,19950629,2
12.799468183900055,-3.2597359819445972,0.5321408960867822,-0.7238782083538581,3.2541820376871504,-0.8687833027824418,-0.9141515100349882,-0.1814082668049036,20090294,4
10.03490944788114,-3.134449657692148,-2.6387149140236574,-1.1914480267590009,2.2961558561312976,-0.7809533761889971,1.3424385135215453,0.6881165603517357,20071026,0
16.663448074755436,3.459614221387112,-0.2524683755743752,-1.280689326115866,-1.578978410274078,0.8185932101984408,-0.0907939540463221,1.4225637389376222,19870710,3
0.8030963513710425,-1.0575273662431235,-0.8349899230871084,-0.4551157405176635,0.281269938393751,-0.4820007649469466,0.0462968174762871,0.0073696165419408,20160742,1
1.8031514836815952,0.1570728022927297,-0.9425501034051504,1.305244218956625,2.1361960847025405,-0.1021238102930229,0.5362939665301397,0.0623531586598552,19991072,2
8.584190751761012,2.9906668834192307,-7.56931501944161,0.0446657374528109,3.412595223606828,1.8253462869714632,0.4279224829307078,0.9595192461688468,19970867,2
1.338151701365332,1.7139527211481909,0.1680670185815234,0.4472879896856881,0.6515600702860787,0.1663840724931413,-0.2380559797761163,-0.0526364795155005,20001113,1
9.665004817323926,-1.9540302072950837,-1.943828027518438,2.2397403875929625,3.2100204691747765,-1.6034612869154237,0.0254819935696483,-1.056888703639285,19820808,2
11.677388670911675,1.3651019615177211,-3.9229378268466673,1.2638476504149592,3.1570257271390294,1.139533914389821,0.0453154652947423,-0.3491746790001138,20190844,2
5.115223127555987,0.3347309009702068,-2.790525737191476,0.7099417847250235,0.9679195979777416,1.3004566563278188,0.1143523451228585,1.1422792875826364,20170556,2
3.215427379711301,2.2281393550390765,-1.2329539482953584,-2.179117478011357,-0.7718768743261302,-1.3383457101666585,1.6365347396504968,-0.0874403485106435,19950191,0
-0.6493032503342586,-1.896530997974552,1.0801130930638343,-0.2575241032992318,-0.1060845402131198,2.122007455321812,0.7306683686121287,2.188258394086714,19891057,1
2.6643171178136416,1.783935691090577,-0.7893437881382701,0.0309473797710713,1.430613733995167,-0.0320734070233694,-0.0954298544759477,-0.4585563843077868,20050752,1
3.8977978201967978,0.0267062115439166,-4.302366158061016,0.4009409253779307,0.7957810910151039,-0.6100888741045698,-0.3893039468532665,0.3582325704404454,20140997,1
5.141846070840685,1.7054402725648077,-0.1542903334218392,1.8116396262565435,1.4293235647264706,0.2689728550044076,-1.1097692561208774,0.5456336795876011,20130534,2
12.03242506686166,2.1798124080999557,-4.334351616741474,-0.5784529489343807,-0.5813912804671565,-0.7874995151942904,-0.0068517470951321,1.3650872092862694,20050558,3
3.9224630828890383,0.1177566725201446,-2.3702219164249287,-1.4096243486512927,1.008129092805063,0.3539240989666781,0.470637227736367,0.2620511340938781,19860298,1
10.16925649833083,-0.0730469134048563,-3.001788364164707,-0.0062074203394596,0.011873913851117,1.1927809382970074,-0.4264815710848621,0.9085593181208316,19960557,1
25.00764608219442,1.8756349695331136,-4.445002733348597,3.547505509948802,6.235250086817377,2.3706969882675404,0.7752726857315669,-0.616875862708554,20050665,2
10.61426943023095,-0.8139246874442254,-2.280720048227127,-2.970532074549706,1.98871602809623,-0.3781789786184346,0.1480695979309823,0.3773612059018535,19800601,4
18.41326438724547,2.454463888840668,-0.7995038621232989,1.4188621959923746,3.3831500649097497,-0.0373466531807264,-1.2462554209278058,0.5012983755532513,20020495,4
1.519815097410575,3.6589333221455114,-0.2453495666733092,2.009338148641572,4.910713525677938,-1.2141662888338407,2.648821163411078,-1.5781652036153109,20040565,2
8.096570480901292,-0.5721194305696111,-1.680788803516341,0.7183537633437201,2.5876567478510335,-0.7047118750177724,-0.8772036244903463,0.2315519418893444,20090774,2
1.0974849595550216,0.1596273520978163,-1.777530759185091,1.3021840211100495,1.5953668316684275,-0.5698224761174363,0.6055137641531317,0.6084606089504923,20000465,2
1.153622877833571,6.351136523759256,-1.566805555683444,0.2718060566651222,-2.8738191017555708,1.0285063914611128,0.106855187508846,2.742095996410318,20180545,3
14.152779280942893,1.4092005511941692,2.6384408265080856,0.4057716492228743,4.193034062174851,1.2671425882979397,-0.2061970095760316,-1.767189606225277,19860443,4
11.346901472780852,-0.0952931647052434,1.727862040264259,0.1921460137703448,2.0620027029467742,-0.8191288211501514,1.133046087049761,-0.5783680128135376,20180608,4
9.199993935579467,0.973243375183742,-0.1821495363397595,-0.8063119659607709,2.3203531513154347,-0.067376070694262,0.2891649808403663,-0.0748076653065848,20010428,4
6.2048406434935455,-1.1433210836089935,-0.5696426478516021,-2.6342931149165083,1.0006411643340367,-1.1982303984049727,0.1988852583582757,-0.6893863513827939,20131043,1
19.689007467870777,3.3740235006988195,-1.3325336327420807,-0.6881793987233655,1.698503970618407,2.332196241612091,0.2762140417886211,0.7701361022820289,19920472,3
-1.5678640791627945,-0.9882357986128149,-1.1413996972162022,2.3227947403809037,0.6800100804009775,-1.9104975441491048,0.8660455385360964,-0.2468258720729303,20170534,1
9.49447439906817,-2.2575053137448253,-3.882938022648224,-0.4175535313281294,2.0581256653117204,0.4336674860588899,-1.0113566753399048,-0.0648547259565164,19940163,2
9.373410525015268,-0.4731082158153041,-3.615444079583068,1.2806676947424815,3.1325708311280915,2.0031244609801795,-0.1360180635515836,0.395712279869483,19840188,2
5.926247459060317,3.486328222449502,0.4484803826910234,-1.4473511721014083,1.990924945041304,-0.8798927322423213,0.9973646758676508,-0.5606040779482221,20160827,4
0.8608801336644846,2.4693431525803504,0.1771301657257344,4.5030658155678305,-0.7175217572029149,-1.5482419498086897,0.90281440300596,-0.3735357795877054,19880698,2
2.1854016114685666,0.2487035178931814,-2.8637727251358904,2.8950497193262312,1.5433215433825016,-1.899567830617262,0.2806156437721721,0.7477537554415663,19950512,2
8.460526222899691,3.2481583773949407,-4.266474117905638,-0.3508091174758819,-1.4389260315479102,-0.6116177023840516,1.7182735406701086,0.7536352995117207,20180244,0
3.4888441267157075,0.2976844461963109,0.4834380685203623,-1.6114835384147237,-0.1678194289993891,-1.6260789659719592,0.2211531354847097,1.040712674250304,20121109,1
3.2779674010570448,-0.4139180233925568,0.0722290476483281,0.9187845517106944,0.648508413017244,-1.5330461418799013,-0.3413235712169542,0.4219587963480966,20020816,1
1.501635179149216,0.7045342010991987,-2.1307254691758515,0.4802211440199012,0.3792550119223967,0.2440534796733614,0.2652575045074939,-0.536918629015855,19960993,1
6.844360726512153,-1.445154704602598,1.6092578105446935,-2.4340626712297393,3.737549444053556,-1.888138829698646,1.3201031123204303,-0.3649110794093799,19860202,4
0.8566607692020544,-0.0271682807936952,-0.1701576094727447,-1.6336471114071005,-0.236433404626915,-1.6416743228285589,0.4559204804846429,0.3993414164670726,20110888,1
8.808304384182675,-1.9181475728666095,-0.7805343861019752,-1.3496597094215173,2.7239112193734316,-1.7759973333659158,-1.1767922261178367,2.6732504825512096,19920460,4
12.400337266676592,-1.4997161513908426,-8.023297484204306,0.0094040945899325,0.7177019115935422,-2.2865966773889936,0.7249071963983243,1.019098929839945,20020803,0
0.1726081469761215,2.588724252389119,-1.0659130132038892,-2.3732610094166864,-0.8138918587693542,-0.014211237850094,0.520641949382455,0.6088636977926686,19970487,1
5.916663589448946,1.713068685734721,-2.87106268902246,-0.8282903645122058,-0.0083660690107648,1.5077275733269186,0.934372305138907,0.2552482067953985,20190021,3
7.550080339786272,-1.0006698358356891,-2.7534966560948972,-1.575578154487014,0.9008287731916358,-2.2250002967223357,0.2584644420757008,-0.8957232916470657,19980067,0
2.309669720567785,0.3700769139928325,-3.010067832895373,2.122256672514624,2.542170461117593,0.1291400966697657,-0.7345504826776684,1.1195275496243342,20070608,2
16.1460642463897,1.132667946001274,3.262494052091673,2.444972101991766,3.6259439548277688,-0.3288694648176676,1.2575360722070148,-1.03213184204817,20170794,4
-0.4931109683864725,0.2985704120478889,0.7209341285354667,-1.2802594385912764,0.9096292608652492,-1.0371024957463706,-0.0349035166355022,0.0168121913499137,19890108,1
12.381557025640936,0.2434574312399815,-5.78890444674526,1.9558775899838137,1.7979408697822874,0.4231090058556158,0.1035131855033812,-0.2780266766911376,19880581,2
-4.84781960148991,0.1890993376046961,0.224811336340038,-0.9292872098271722,-0.3569299259223642,-0.027054751212778,-0.838611645654925,0.0706196717109414,19800936,1
-2.4013133126124884,1.160292714670373,-2.696612948492247,1.409548987255329,0.8182968879133513,-2.04292473241966,-1.6236768541655142,0.8992472573090039,20190927,1
5.178363180502487,1.4587645745382865,-3.3476378573518004,-1.5892020745553264,-3.4643575884178364,-1.5262674953343505,2.4237610229149484,0.0279747325771834,20050282,0
4.045848871993137,-2.5509812698765253,2.261861504217836,-0.1091313822150598,3.751946080644025,-1.347071431661984,-0.4762089624286986,1.802724300650182,20160735,4
0.2564856813112311,-0.8814126769975511,-1.2977073013463372,-0.684782645167475,1.9457819018704037,0.9063468647038336,0.1727915285862636,-0.7898193947549162,20080093,1
-4.603228363238934,0.8737548439410491,-3.1363188489137435,0.9990415121559304,-0.219222879616149,-0.7879322368276999,0.6593599676116184,0.8614254473491881,19920451,1
4.0653867373775965,-1.4908576891700094,-0.3405648624786819,-0.8178605145488728,2.7305580307063844,-2.760234385987944,0.5875141436868292,0.447288068497057,20170299,4
5.657813051068239,1.0104333417104685,-2.581731367600483,-0.4334245003957233,3.2346538670649565,-1.9978989982704336,-0.4613012255604134,0.2990436016873787,19830144,4
13.95634806172257,0.4047246462524653,-3.0974552983534607,-1.8473647934461024,3.20511626830912,1.0666748761562024,1.0232504715894726,-0.9552552899518192,20140201,4
10.92850190582994,-0.6862855727143818,2.0428965013519527,-0.8274019343513414,2.927899850564568,0.4032284225407413,0.4197673684226685,-0.0300684307465235,19800725,4
17.531410845975014,-2.497226782857295,-1.853553129867244,-2.19090872548818,1.4978039587166774,-2.1051951706502483,2.4254974052647116,0.513416244547555,19790585,0
0.063023837500129,3.15463739489744,-1.5269569607062363,-1.8718103488128024,0.089796388823336,-0.7374382550689645,-1.0386805963953465,1.5052264188322957,19790171,1
5.735759033492252,0.6004002226471802,-2.6663439614757607,0.4008031466568436,1.5260598078570715,-0.1306903709169598,-0.276876732018724,0.0705624666626787,20150953,2
8.021171519444362,3.4846116575726267,0.1737573166326787,-0.7415788959917522,0.1512081003558925,-1.1232172582282889,-0.0363885321744248,0.4590396912208404,19900390,1
6.923487102332774,-3.4287640457932445,-4.033757049622798,7.365665614603249,4.036578485290283,0.5544120449291218,0.4955279957496536,1.9425770424407975,19980803,2
15.812058362109678,1.8802472427913983,-2.2984530827459073,-0.3550972473859209,-2.1879980913645234,-1.3143572687980936,2.092419627099839,1.637149748194719,20150871,0
4.965351849294641,1.0512155537212735,2.160361532313801,-0.8645276385731971,0.4323911139988035,-0.0424738161525983,0.4541784277628934,0.5376534834002739,19850785,1
18.465172253014032,0.6576506706171552,2.9892717625009317,0.4166533265451298,1.891878671395212,-0.8141617956697732,0.2370645411679982,1.9037451603536348,19970579,4
1.2189281600591106,2.495243393994144,-2.018820213152963,3.189888061936843,3.37611711654927,-1.9737134258709803,-0.8714874260783416,-0.258588825596124,20080542,2
3.3606357912286695,0.722539253001185,0.7464641483687899,0.0518630338037087,3.085092612265311,-2.63257109401059,-0.4800602714754834,-0.4055349763785068,19790963,4
6.220213051833012,1.6383125625239363,-0.1492505776029579,-0.6384688360048606,2.2299554371307395,0.8071470225595563,-0.4802079941945577,0.3966173890600841,20190172,1
10.670816478373816,-2.3567245219007087,3.022001432444865,-0.3774148494422785,0.9014437001941128,-0.7026710249747902,0.9958930543588626,1.1591894184172853,19960679,4
-2.433972390216306,1.5163041980900165,-0.2621432046708756,-1.9764548932252888,-0.5221309465050148,-1.1210244450109172,-0.1363444232106752,0.3332370397020835,19940463,1
5.255192350407877,-1.3837798664664385,-2.5050995692942197,1.2755319140771653,1.459674306094212,-0.6321971975322617,-0.4584105112031404,-0.0219978313158946,19840829,2
0.201970659444577,0.6756679794432233,-3.8562975985726258,-0.3883586486122236,-1.626248353475099,-0.7666352439561475,0.677627797987754,1.4429277653984744,19980520,1
4.509693369419706,2.987219517417786,2.139640037722524,3.781167568959636,0.3844326179580666,-2.3293615985813543,-1.0251578150427565,0.7098549535354408,19940431,2
2.012911687631229,2.953669294892264,-0.1983704438679703,-1.9738506092361137,-1.8433964394948157,1.138399236690937,-0.6749396910131119,1.5142058595092975,19921039,3
6.355222901466655,3.284112331173224,0.7804932639554298,1.6909897806438885,0.5709644896688175,3.871383285123011,-0.1470828601929182,1.7059166845543807,20140418,3
-2.0489432813498483,0.8281271468819271,1.5827773502563094,-1.1663854778379266,-0.0486365213505075,-0.0520122169647427,0.3501566476886348,-0.0383333895165844,20170033,1
27.920184844672264,2.373245927544061,3.162742755471522,-2.305099056541454,1.0412425755702095,-2.4139552240684967,4.566418474842875,-1.35445783071492,19950852,0
10.214303250604098,0.6798151572446738,-4.5316088116315525,0.9764612670477212,3.045474181178502,1.2052380551839357,0.7675635118115809,-0.5645191364742764,20190008,2
-0.0315932889219322,3.9765509516161903,1.0233811992513362,2.6772196388054263,1.780878732855382,-0.6915985482358316,0.490690467702658,0.7573389005165748,20000888,2
-0.1972342260698177,0.4106361889537729,-4.048850160709615,0.9641111408314944,1.3972567483366678,-0.4383116049196674,0.5920846590505234,-0.3964532338679538,19960308,2
2.4501375868420214,3.5331592460580943,-0.6937460146532336,-0.9488097943233996,-0.6739825822027552,0.5164088751715138,-0.9269167818003378,1.666936354128975,20191103,3
0.4437717247806141,1.9843188195493553,-0.5388265397823063,-2.0899696890282367,0.1836288884369209,-0.4047982590474152,0.5404038409250251,0.5564989040579559,20011154,1
5.766479401934707,-2.1323177021458646,-2.7367102735341633,-0.0778141982144096,0.96610518151483,-2.412304929107292,0.3142157876432587,0.8080053438483138,20080717,0
3.822053306818268,0.7920439842469005,-1.3154576342007058,-0.2390218421955487,1.6513159308362697,0.6471639529013056,0.0698917688499177,0.1101366703194088,20050222,1
10.562570521529434,-0.7970847341363599,-2.609181549694102,2.3285295132846655,0.6345212471316937,1.6002309885850678,0.4435665686680883,-0.320527455243019,20080660,2
14.521999732015352,1.6854417834208029,1.273900992943302,-1.4395748704572162,2.978762162611152,-0.2696757667861704,0.1100071003985869,-0.5680570473386868,20020087,4
4.300919231685101,0.376643535602382,-1.1374453560135478,1.2522571567815652,2.5266361200599747,0.2708925072071332,-1.4394557473244236,-0.271431388859141,20190257,2
1.8413927664128025,-0.2121637742913538,-0.8596588532997186,-0.467250357271848,-0.0915028022160057,-1.304430918083118,0.2467739430737159,1.2615009186442532,20050471,1
2.4653767294638764,0.1064879722331227,-1.2971212455220462,-0.0577004474244601,0.8076119383033062,-0.0639188738489591,0.1850661820658835,-0.2164476273915483,19890832,1
26.16955363459665,-0.1386864199714369,-1.1148162651475972,0.3324684187560422,3.0333772700203605,1.0491791834586917,-0.653401903418427,1.1543175749497196,19820602,4
5.00979540293039,3.450692098190004,-1.3596534676604677,-2.452396774873962,-1.1075827574347723,-0.1543164466823487,0.9053686421654844,-0.0051952525695207,20061034,1
7.425435134104088,-2.6588765038319444,0.3487383637698434,0.3379678840150455,2.646557136292761,-0.2178662585590389,1.0070831427708022,0.2418944215433165,20070633,4
14.634905890713284,3.8239392091511064,-1.7724839564314456,-0.6814708019758141,-0.6649840098979253,1.3755121308501033,0.1044585524038968,0.3783620426458248,20150628,3
2.5576571769265577,-0.7406811926002442,-5.020366554394496,-1.056548324216689,-0.3514722890956416,-1.083655265341572,0.0897638008825096,0.0430814791315527,20150682,1
-1.044379052955448,3.0269141604913563,0.1605290905793928,-1.2579176138628028,-0.245775747390668,0.6205308584440443,0.792929650607195,-0.08549680673738,20100953,1
19.448251626598665,-1.2185378173370054,-6.960742445012737,-1.4159539231348446,2.6162835641719537,-0.2798641857938826,1.8635803877588284,1.1908293795207587,19860409,0
4.88975838832863,-2.0980250632848807,4.214374863997978,0.2033809332837266,-0.7295124880806664,-0.69166387033107,-0.3041544319772953,0.096737290012697,20080774,1
18.963300771671577,-1.5529059069831554,1.7195679405353688,-0.7912703662395939,1.249933117414609,-0.2314715917944784,-0.7616510997041965,-0.0471088132971015,20140623,4
5.756874766090084,2.202078558130144,-5.45028605434239,0.2463939998804327,0.0816135949519334,-0.0217893248806323,1.1371526890929542,0.4376450969704596,20121099,0
4.295215871453267,-1.0625765097617517,-2.655542262839164,0.6889632318091737,0.9510355293155952,0.7023820993716434,0.1467097481641542,0.7968339783819665,19860766,2
8.905049960785078,-3.129361437812666,-0.1201362699015037,-1.30448996179882,0.677700501612587,-0.8841362393892293,0.8129761000217063,0.2172343274078688,19980693,4
15.337984685890156,-0.1534859479280535,0.8933053663005359,-1.8148753775349036,4.322589183935049,-1.4616662695817122,2.4426789057027274,-0.8221303212475173,20140830,4
4.750191076713194,0.3732741884329099,-1.863580813021168,-0.3153487285661407,0.3855446513462716,0.2896781630593732,0.833464800614897,-0.8352899749417922,19830443,1
3.417967334282113,0.2288185114147328,-0.584993548456098,-0.0515710784963167,1.6345712831302788,-0.2751994623375792,-0.1524732800807316,-0.8382639129057408,19890381,1
0.9110320513216706,0.2697545371898006,0.4543602576789662,-1.007130732815503,0.0660503006489083,-0.1865437625461808,-0.079599927639712,0.0984870328264604,20141169,1
3.8764083555448847,-0.4243883467631643,-2.8449517043077504,1.2054938240259097,1.5365756259919745,0.1220838744017426,1.3902152203373856,-0.55700959876635,19840990,2
6.055727322320416,-1.967936071961485,-3.371043270159213,1.4579389396523108,3.613698821300251,0.4197143413601833,0.2682528339171168,0.2625654619971011,19840531,2
2.2609147606499573,1.02407544033105,-2.930679965289926,-1.6519468330636122,-0.4287983368515285,-0.226196104636969,-0.4074968887126713,0.1761297859333924,20170998,1
8.099427581157634,1.3436331215354007,4.9426401973768925,2.0437078476785544,1.5368069551081902,0.5712017035419233,0.6136747700848444,-0.8005054799467224,20060680,4
8.065784223667345,-0.1745958163641091,1.9999972349467183,-2.012707994765239,1.4599450176422946,-0.987565416490036,0.1903573773717537,1.4369022259468436,19820917,4
5.106976320546407,0.9306527679951696,-1.3532479339790409,-0.1189398343474815,-0.9956231666892196,1.2846689680631302,-0.3264535356299339,0.0084879911679598,20051025,1
-0.1930019356654905,1.5555526430924111,-1.7294241342564918,-1.4777044725187776,0.2676368140047322,-0.62034907029032,2.6441381118127416,0.1239732632918178,19820549,0
5.311100140174094,2.0656526685368783,-5.880689363241982,2.1424796123866683,2.8821864900410548,-0.3522976234361833,0.8558020852996389,0.0715617524961628,20140877,2
2.431627792701887,-0.190453862173317,-3.813704540229893,2.6971368692576965,2.948968411414861,-0.7105377613432675,-0.236079894559693,0.9888962689568864,20070798,2
14.67176098640298,7.135420342981564,3.38484224636266,-4.238086221485685,0.2673543603489338,2.962446851574575,0.5264151692366033,2.843730143649959,20030116,3
2.0195220352755405,4.017311606122417,-0.6703523837502647,-0.9913497989847544,-0.2117516248472622,1.79674633078772,0.9799963209729536,1.770356250366995,20070732,3
9.565446854352585,0.8350391114660793,0.6098637260689784,-2.0520221781952963,-0.4241064745554943,1.1163055806857567,0.1314886101285624,0.8705157013013568,19980679,1
0.0502893085200417,-2.207826013980138,-1.1217827120732449,-2.256755374580493,-0.001358057027732,-1.378082020851296,-0.0690055785055131,0.632134137318674,19960286,1
0.6871859732706171,0.5439858201820988,-2.541029864155732,0.146409797258561,-0.4743024913278879,-0.8216482119921042,-1.1560632109184823,0.3079343227209044,20010254,1
8.350896108806603,-0.8862638078807553,3.0645346971289755,0.478145640674313,3.325073250980682,1.33145103056,0.7272948293389738,0.2466812412679237,19930687,4
8.88784103335405,2.7588008257407024,-2.624819931989637,-2.9199076801132615,-1.2411369080910797,0.8245794280445751,2.388708586683036,0.9539924827342124,20170348,0
1.7323944986158324,1.687606100042452,-0.3114186555295383,-0.2348305879444363,-1.079278211228227,-1.197635487693126,-0.4906954922298295,0.1910650576624435,19870793,1
16.742762534254464,1.7831527089736343,-3.5662495840694435,2.623665863513733,4.506227382622304,0.2293262554936741,0.6442290299821739,1.2073069744594784,19870649,2
4.080460972613977,-0.4576851248688429,-0.9685466741614928,-2.413658730942212,2.30820756580314,0.1479655160665228,0.1679725786572171,-0.8193757637413558,19930079,4
14.813330518923827,-2.354891263240692,1.9602913466129108,-1.0205084678866403,3.552388499572879,-2.0808203717471363,0.5358251751129612,-0.4708561402786953,19930680,4
14.744919566956812,3.5892979215563607,-1.901709205334224,-1.6050735109287713,0.5812548428648787,6.207601065670045,0.2559612143394489,1.697671734879963,19990098,3
9.540462313716043,3.555391533895606,0.0754222754178751,-1.371436824569661,-2.2080852683199863,0.4707457338949338,1.0862756671872025,3.401873411012657,20110365,3
7.069764068016384,2.355198390648264,-1.7738213253318216,-1.455109965469298,0.9442550038645988,-0.2642162094629767,-0.0309476652821032,0.8208913058364269,19820932,1
5.103881057409976,0.9643854251367702,-2.872497382164549,1.1118669088084594,3.2863859171464127,1.016995222064257,0.1314903079866672,-0.8812674517536578,20010400,2
9.409684946286912,0.0047870126748796,-4.333115749410108,-1.790364270131979,0.5411627296423831,1.3710451418049727,0.4938377563232533,1.0374594485375883,20060787,3
2.240468323469456,-2.2856226757282876,2.237782780391795,0.9087858409264824,0.4634616113084163,-1.026095843101323,-1.4715632800039384,1.0871319654307297,20040846,1
3.4079589436912445,1.2459787700963667,-0.3194847816091722,-0.4999333312898067,1.0217317060794306,-0.7994130934203347,-0.7907584142570769,0.5935752375434397,20090187,1
5.334377292874978,-0.0333723559770516,-0.7678373596649045,-0.8457563689266943,0.9511748338937016,0.1342527512390961,-0.0035918015835386,0.1067741966889689,20001018,1
3.5766052456075887,0.7620500142218689,-1.3942943025961982,-2.7214236511081022,2.087095116627846,-1.1029776212865547,0.7083784771667103,-0.893601947575465,19971067,0
7.866354820848698,0.0189647146618468,1.9556365981919157,-0.9211924097291888,4.677209698730229,0.080280654844964,-0.0468416291525371,0.4972898767918615,20010618,4
2.1876060430325053,1.8262264496339635,1.9054204632719116,-0.0795815791648047,1.2873004661290948,-0.8506672904487059,0.9558911838920086,0.0681960349670681,20170020,1
-1.164263482794349,1.992457040918387,-0.4612069586061972,-1.969515269327441,-1.1077618420992847,0.5321256900098862,-0.032130221466377,1.034070618743253,19841124,1
12.203815502233205,2.079980354002063,-2.004952032831192,0.9590497391401136,1.7263498136588065,0.8114703461631625,0.9745062297557372,3.761165681843044,19910662,3
5.336097391762317,-0.7946149891929299,-2.007993972974433,-0.3509044075029421,0.7397855276812102,0.2515529863021862,-0.79437343819266,0.0217076486128488,19920595,1
-4.4501209904145655,0.872547485024498,-5.98299456844041,1.2910849536771467,2.917722597743831,-2.967255093889526,0.6552671929231315,4.018902363594115,20180099,1
6.1197597088115705,2.565655334742613,-6.032941556052841,-0.5398138730467036,0.4124567775029199,-0.509416377542373,1.7023705710414865,-1.1821665672815571,19930505,0
6.023364422228253,-0.8552840643550041,-2.597818225159878,2.055799348834878,1.146590357941348,0.7928788720298624,-0.0982814865724832,-0.4862228005751998,19930356,2
0.0955588467204692,0.7212702675937347,1.0512488654746854,0.5323535954599937,0.2098034612495889,0.104391916091538,0.3389436453771661,0.7211645728567896,19930886,1
11.735695306927475,-3.25697685513941,-1.2899205725184508,-0.651386578290845,2.897113492124433,-1.947511017643486,-1.3518327701562711,0.5200456445623601,19870848,4
9.683252762146456,-0.1982761780309229,3.2565320496522068,1.4697065844404282,1.6469288790386627,0.3757325466620286,-0.7445368567876809,0.2867682794914351,20090794,4
9.766693698241909,1.1553854537510473,-7.020850666591174,3.5766120688899834,0.6387391365528594,0.707999645239784,1.5761756068441728,0.4420999124040112,20206591,2
-4.520736080523843,-0.4179393039283334,0.2198793456413153,0.0024420738366735,0.4441437847857852,-0.1266404862471283,-0.0280996163861587,-0.0256845261880687,20090343,1
8.213359426070971,1.3328977939707718,0.4539148238613313,-2.4988054153080976,-0.2269769173184304,0.9074777566364174,-0.1603854421855664,0.1721653844764462,19810014,1
8.391993683539514,-0.9268617961564402,0.2128704170788698,-2.2253407239049245,1.655314873518418,-0.1789181391745043,-0.4727071043175411,0.2175929364919376,19900423,4
-1.9338528817416163,0.6311374476696704,-1.2946646165108844,-0.3132425622586138,0.7391691883834042,-0.5053631921495103,0.2561258949634375,0.0515350088158183,19980894,1
0.6166401943655836,0.1839615693189731,1.0878023243623678,-2.179095997509521,3.3354151874022255,-1.8882193840500816,0.3127800849261611,0.140389080501018,19920481,4
5.215279919515454,-0.3268750512841054,-2.6112278194977008,-0.6553758025152306,0.0828343485661878,0.3056464980340267,0.9948503123604148,-0.2458403572792444,19790690,0
2.5819850561426567,-0.1502061356378935,-1.3858740236930327,-1.7681039654767572,2.0795175165459203,-0.0710757698191315,0.868233198358581,-0.6400033687662643,19970078,1
-1.957119541044745,-0.7702276491304595,0.4688614984763856,-0.1051662273496282,-0.4860444390642338,-2.3854209363840595,0.3711015159547076,0.5447229954404644,20160692,1
3.625351231403808,2.7414186299743624,-0.015488804674647,-0.5219372266387754,1.4733304593289815,1.7215696106041518,-0.4934345151991087,-0.8520234707482561,20030110,2
4.270249901136832,-0.8376448558111247,-5.603261190291254,0.1402374895712726,1.87159854122549,-0.4048884893331739,0.4999971151348567,-1.1841397701559382,19990856,2
9.2681832534885,4.010427982449734,-4.566418381739027,-0.578379388849567,0.0956037673702785,2.10395143735841,-0.4275479960088457,1.4364120354669432,19830575,3
12.645980464503433,-1.283117637213477,-3.1280716184698134,-0.3021469503323182,5.718772410386272,0.9368827268044744,0.2564132314408185,-0.2688201196402962,20121150,4
7.1644456209120095,1.6834777307142617,1.541301589883554,-1.8040197607595652,1.4636339175849873,-1.2620367183232897,0.78134470287889,0.9727333958591456,20020335,4
12.8933106981407,1.0010030772157696,-2.960083099530056,0.3692987467280782,0.9844209379864935,-0.8712162858107152,-0.1639243043864737,0.8012365640527921,20070643,2
3.5787781193932555,1.2246178969109418,-1.9692956135114867,-1.8126124700235664,1.3880978255727168,-1.141447999229528,1.220624507004855,1.2784144331114502,19890594,0
-1.5586017166086037,-0.0983123584242879,-0.0677408403973001,-0.3094066370249112,0.0820859037127761,-1.654097536345581,-0.7573859681547346,1.316962082929213,20120402,1
18.094010568667372,2.190382453191556,3.1359691500722735,2.5336671635164305,6.673479689117054,2.1685450963552073,1.6266939974449202,-0.3463409045884281,20190639,4
11.274996317162566,1.9059989655152525,-0.4962594605682965,-3.624984173138146,-2.169700398096892,-1.7024603506155234,1.226525170999776,1.3676389355273617,19960998,0
0.5636944635682575,3.340561417350338,-2.205465210519649,-2.7762578575547616,-0.5064501745986855,0.4381693821906068,-1.009499343688952,1.2790295928919533,20010897,3
3.697488045918333,1.0629160345905573,0.4276493713666205,-1.679861275692882,0.2042875412830279,0.5551261702349526,0.0827341323943594,-0.0634382176642778,19920295,1
-2.081935443653171,1.9380866783996469,-1.043890090019285,-1.1276810861340885,-2.390509325143437,-1.1123491598914428,1.7117842884090346,1.4874396735474054,19840570,1
4.988268307368683,-1.6342214420873804,-0.3884859873119501,0.3634549614025892,0.6296155461351021,-0.5087873526829214,0.7377812828933823,0.2939095802510614,19940990,1
-0.751146007899233,-0.7672340929761113,1.632278830105583,1.828270636420044,-0.1149398661777956,-0.1723568148056046,1.3626952508970314,1.2389968110780107,20050818,1
10.784914802887602,-2.965121572438694,-0.0208550383353922,-0.6160466107561995,3.752888378210836,1.089600432044594,-0.9551785120817288,0.1196698698609237,19890611,4
8.689769862858258,0.9845967016438693,-4.024787512559261,2.147919224783457,2.8141418981044493,0.4078170327251972,0.5347362737275684,-0.2202602297865635,20060749,2
5.535447280497419,2.6840833614232347,-0.9114310497535414,-3.0052185717843223,-0.9686337219433964,1.1390100690026768,0.1461762373975846,-0.3093977322570174,19980304,1
1.2234951447857,8.344446178681409,2.045819603195467,2.9310030393904873,-3.918932090972051,0.0518891342254719,1.6333965007253934,0.6475498910485636,20080393,3
6.140794026052454,-1.2392625575726572,-6.986886509978483,0.8154775764702356,-0.3788011123426116,-1.2010490056657654,2.24299023996799,-0.0470323180937196,20020521,0
-0.3525637792569662,0.3689667308150448,-2.1002761909406185,0.4425098763965506,1.122473398864851,0.6144846646481867,-0.1942322554550369,0.2572929023364719,19960774,1
-0.6980149282320469,2.062921800459828,1.150651006677423,3.6748379825974737,1.6926516011241464,-1.7725922840737869,-0.1154609849365713,0.2486782904785646,19860610,2
13.164810657464846,1.746239808989851,-2.2363338196822595,-1.7142725966382488,1.7331832857322695,0.478976662035075,0.1685881575702278,0.484578618441355,20050729,4
-2.139211411425978,1.3914129130192208,1.8998417739567088,2.780944651065968,0.3304602363732488,1.604332432246532,-0.4281587677168451,-0.0780449805551629,20210007,2
10.688635212973072,-0.0096444167682901,-2.218859540899994,-2.715100944324697,1.5052323491556374,-3.0658932980504985,0.4544275468335305,0.7151154926783574,19970421,0
